<?xml version="1.0" encoding="utf-8"?>
<I c="LootActions" i="action" m="interactions.utils.loot" n="loot_Career_PTO_Monarchy" s="9296174955425327320">
  <L n="loot_actions">
    <V t="career_loot">
      <U n="career_loot">
        <V t="career_reference" n="career">
          <U n="career_reference">
            <T n="reference">11554753535820593880</T>
          </U>
        </V>
        <L n="operations">
          <V t="take_day_off">
            <U n="take_day_off">
              <E n="reason">PTO</E>
            </U>
          </V>
          <V t="pto">
            <U n="pto">
              <T n="amount">-1</T>
            </U>
          </V>
        </L>
      </U>
    </V>
  </L>
</I>