<?xml version="1.0" encoding="utf-8"?>
<I c="TunableCareerTrack" i="career_track" m="careers.career_tuning" n="Monarchy_Track3_FemaleMonarchy" s="9866968965862568749">
  <T n="active_assignment_amount">0</T>
    <T n="busy_time_situation_picker_tooltip">0x77D1D57E</T>
  <T n="career_description">0x62f45189</T>
  <L n="career_levels">
    	<T>10844457149830391936</T>
		<T>10844457149830391939</T>
		<T>10844457149830391938</T>
		<T>10844457149830391941</T>
		<T>10844457149830391940</T>
		<T>10844457149830391943</T>
		<T>10844457149830391942</T>
		<T>10844457149830391945</T>
		<T>10844457149830391944</T>
	  </L>
  <T n="career_name">0x26a9ea0b</T>
  <T n="career_name_gender_neutral">0x7a80a7a1</T>
  <V t="reference" n="goodbye_notification">
    <T n="reference">110655</T>
  </V>
  <T p="InGame\UI\Icons\Career\Career_Business_Main.png" n="icon">2f7d0004:00000000:8FEEB2432C3BBF47</T>
  <T n="icon_high_res" p="InGame\UI\Icons\Career\Career_Business_hires.png">2f7d0004:00000000:FA81561CB1BC2A32</T>
  <T p="InGame\UI\Icons\resource_icon_bkg.png" n="image">2f7d0004:00000000:6665077284098fa2</T>
  <V t="reference" n="knowledge_notification">
    <T n="reference">110279</T>
  </V>
  	  <V n="overmax" t="enabled">
		<U n="enabled">
		  <T n="reward">10296081583676593265</T>
		  <T n="salary_increase">10</T>
		</U>
	  </V>
  </I>