<?xml version="1.0" encoding="utf-8"?>
<I c="TunableCareerTrack" i="career_track" m="careers.career_tuning" n="Monarchy_Track1_Monarchy" s="11227900252767316095">
  <T n="active_assignment_amount">0</T>
    <L n="branches">
		<T>9298508271926682317</T>
		<T>9866968965862568749</T>
	  </L>
    <T n="busy_time_situation_picker_tooltip">0x77D1D57E</T>
  <T n="career_description">0x716505af</T>
  <L n="career_levels">
    	<T>9803798818501499260</T>
	  </L>
  <T n="career_name">0xf5f3d4ed</T>
  <T n="career_name_gender_neutral">0x80ad7cd3</T>
  <V t="reference" n="goodbye_notification">
    <T n="reference">110655</T>
  </V>
  <T p="InGame\UI\Icons\Career\Career_Business_Main.png" n="icon">2f7d0004:00000000:84AF5EE051A412D3</T>
  <T n="icon_high_res" p="InGame\UI\Icons\Career\Career_Business_hires.png">2f7d0004:00000000:A2C01D853DE8AADE</T>
  <T p="InGame\UI\Icons\resource_icon_bkg.png" n="image">2f7d0004:00000000:6665077284098fa2</T>
  <V t="reference" n="knowledge_notification">
    <T n="reference">110279</T>
  </V>
  </I>