<?xml version="1.0" encoding="utf-8"?>
<I c="TunableCareerTrack" i="career_track" m="careers.career_tuning" n="Monarchy_Track2_MaleMonarchy" s="9298508271926682317">
  <T n="active_assignment_amount">0</T>
    <T n="busy_time_situation_picker_tooltip">0x77D1D57E</T>
  <T n="career_description">0x18ebc31a</T>
  <L n="career_levels">
    	<T>10257675664247301917</T>
		<T>10257675664247301918</T>
		<T>10257675664247301919</T>
		<T>10257675664247301912</T>
		<T>10257675664247301913</T>
		<T>10257675664247301914</T>
		<T>10257675664247301915</T>
		<T>10257675664247301908</T>
		<T>10257675664247301909</T>
	  </L>
  <T n="career_name">0xc45d4028</T>
  <T n="career_name_gender_neutral">0x5d35cd30</T>
  <V t="reference" n="goodbye_notification">
    <T n="reference">110655</T>
  </V>
  <T p="InGame\UI\Icons\Career\Career_Business_Main.png" n="icon">2f7d0004:00000000:9AAF4B0185F9DCE2</T>
  <T n="icon_high_res" p="InGame\UI\Icons\Career\Career_Business_hires.png">2f7d0004:00000000:86077D89E8A6AA05</T>
  <T p="InGame\UI\Icons\resource_icon_bkg.png" n="image">2f7d0004:00000000:6665077284098fa2</T>
  <V t="reference" n="knowledge_notification">
    <T n="reference">110279</T>
  </V>
  	  <V n="overmax" t="enabled">
		<U n="enabled">
		  <T n="reward">10134857773036844326</T>
		  <T n="salary_increase">10</T>
		</U>
	  </V>
  </I>