<?xml version="1.0" encoding="utf-8"?>
<I c="SimReward" i="reward" m="rewards.reward" n="reward_Career_Monarchy_MaleMonarchy_Level_6" s="15434433462903857128">
  <T p="InGame\UI\Icons\Headlines\Final\headline_careerpromotion.png" n="icon">2f7d0004:00000000:9AAF4B0185F9DCE2</T>
  <T n="name">0xe8fd4822</T>
  <T n="reward_description">0x8f409f40</T>
  <L n="rewards">
    <V t="specific_reward">
      <V n="specific_reward" t="money">
        <U n="money">
          <V n="money" t="literal">
            <U n="literal">
              <T n="value">700</T>
            </U>
          </V>
        </U>
      </V>
    </V>
  </L>
</I>