<?xml version="1.0" encoding="utf-8"?>
<I c="SimReward" i="reward" m="rewards.reward" n="careerRewards_Overmax_MonarchyFemaleMonarchy" s="10296081583676593265">
  <T p="InGame\UI\Icons\Headlines\Final\headline_careerpromotion.png" n="icon">2f7d0004:00000000:a6ed756af9cb04a1</T>
  <T n="name">0x9A909927<!--String: ""--></T>
  <T n="reward_description">0x9A909927<!--String: ""--></T>
  <L n="rewards">
    <V t="random_reward">
      <L n="random_reward">
        <U />
        <U>
          <V n="reward" t="money">
            <U n="money">
              <V t="random_in_range" n="money">
                <U n="random_in_range">
                  <T n="lower_bound">1000</T>
                  <T n="upper_bound">2000</T>
                </U>
              </V>
            </U>
          </V>
        </U>
      </L>
    </V>
  </L>
</I>