<?xml version="1.0" encoding="utf-8"?>
<I c="SimReward" i="reward" m="rewards.reward" n="reward_Career_Monarchy_FemaleMonarchy_Level_7" s="11063034148620991576">
  <T p="InGame\UI\Icons\Headlines\Final\headline_careerpromotion.png" n="icon">2f7d0004:00000000:8FEEB2432C3BBF47</T>
  <T n="name">0xae568d76</T>
  <T n="reward_description">0x47d963dc</T>
  <L n="rewards">
    <V t="specific_reward">
      <V n="specific_reward" t="money">
        <U n="money">
          <V n="money" t="literal">
            <U n="literal">
              <T n="value">1000</T>
            </U>
          </V>
        </U>
      </V>
    </V>
  </L>
</I>