<?xml version="1.0" encoding="utf-8"?>
<I c="CareerSuperInteraction" i="interaction" m="careers.career_interactions" n="si_Career_Monarchy" s="11292122467728053988">
  <V t="require_confirmation" n="_cancelable_by_user">
    <U n="require_confirmation">
      <V t="enabled" n="icon">
        <V t="participant" n="enabled" />
      </V>
      <V n="text" t="single">
        <T n="single">0xC22ECEB</T>
      </V>
      <T n="text_cancel">0xD877B6E9</T>
      <T n="text_ok">0xB7A2CBCD</T>
      <V n="title" t="enabled">
        <T n="enabled">0xD88F1131</T>
      </V>
    </U>
  </V>
  <L n="_constraints">
    <U>
      <L n="constraints">
        <U>
          <V n="value" t="posture">
            <U n="posture">
              <L n="posture_manifest_tuning">
                <U>
                  <V t="None" n="carry_left" />
                  <V t="None" n="carry_right" />
                  <V t="enabled" n="posture_type">
                    <T n="enabled">23832</T>
                  </V>
                  <V t="None" n="surface" />
                </U>
              </L>
            </U>
          </V>
        </U>
      </L>
    </U>
    <U>
      <L n="constraints">
        <U>
          <V n="value" t="spawn_points">
            <U n="spawn_points">
              <V n="tags" t="Spawn_Point_Tags">
                <L n="Spawn_Point_Tags">
                  <E>Spawn_Arrival</E>
                </L>
              </V>
            </U>
          </V>
        </U>
      </L>
    </U>
  </L>
  <V t="participant" n="_icon">
    <U n="participant">
      <L n="participant_type">
        <E>Actor</E>
      </L>
    </U>
  </V>
  <V t="enabled" n="_saveable" />
  <T n="allow_autonomous">False</T>
  <T n="attention_cost">0.5</T>
  <V t="flexible_length" n="basic_content">
    <U n="flexible_length">
      <L n="conditional_actions">
        <V t="literal">
          <U n="literal">
            <L n="conditions">
              <V t="career_based" />
            </L>
            <E n="interaction_action">EXIT_NATURALLY</E>
          </U>
        </V>
        <V t="literal">
          <U n="literal">
            <L n="conditions">
              <V t="buff_based">
                <U n="buff_based">
                  <T n="buff">75271</T>
                </U>
              </V>
            </L>
            <E n="interaction_action">EXIT_NATURALLY</E>
          </U>
        </V>
		<V t="literal">
          <U n="literal">
            <L n="conditions">
              <V t="buff_based">
                <U n="buff_based">
                  <T n="buff">97449</T>
                </U>
              </V>
            </L>
            <E n="interaction_action">EXIT_CANCEL</E>
          </U>
        </V>
        <V t="literal">
          <U n="literal">
            <L n="conditions">
              <V t="buff_based">
                <U n="buff_based">
                  <T n="buff">97450</T>
                </U>
              </V>
            </L>
            <E n="interaction_action">EXIT_CANCEL</E>
          </U>
        </V>
        <V t="literal">
          <U n="literal">
            <L n="conditions">
              <V t="buff_based">
                <U n="buff_based">
                  <T n="buff">202220</T>
                </U>
              </V>
            </L>
            <E n="interaction_action">EXIT_CANCEL</E>
          </U>
        </V>
      </L>
      <V n="content" t="staging_content">
        <U n="staging_content">
          <U n="content_set">
            <L n="affordance_links">
              <T>23936</T>
              <T>36034</T>
              <T>23930</T>
              <T>36035</T>
              <T>26990</T>
              <T>35728</T>
              <T>36036</T>
              <T>36037</T>
              <T>36038</T>
              <T>36039</T>
              <T>36040</T>
              <T>36041</T>
              <T>36042</T>
			  <T>165275</T>
              <T>97665</T>
              <T>98790</T>
            </L>
          </U>
        </U>
      </V>
      <V t="enabled" n="periodic_stat_change">
        <U n="enabled">
          <L n="operations">
            <V t="statistic_change">
              <U n="statistic_change">
                <T n="advertise">False</T>
                <T n="amount">-1.66667</T>
                <T n="stat">29122</T>
                <L n="tests">
                  <L>
                    <V t="buff">
                      <U n="buff">
                        <V n="whitelist" t="enabled">
                          <L n="enabled">
                            <T>38731</T>
                          </L>
                        </V>
                      </U>
                    </V>
                  </L>
                </L>
                <V t="use_default" n="text" />
              </U>
            </V>
          </L>
        </U>
      </V>
      <T n="start_autonomous_inertial">False</T>
    </U>
  </V>
  <L n="basic_extras">
	 <V t="adventure">
      <U n="adventure">
        <L n="_adventure_moments">
          <U>
            <E n="key">Career_Irresponsible_ChanceCard_00</E>
            <U n="value">
              <V n="aventure_moment" t="reference">
                <T n="reference">166507</T>
              </V>
            </U>
          </U>
          <U>
            <E n="key">Career_Irresponsible_ChanceCard_01</E>
            <U n="value">
              <V n="aventure_moment" t="reference">
                <T n="reference">166508</T>
              </V>
            </U>
          </U>
          <U>
            <E n="key">Career_Irresponsible_ChanceCard_02</E>
            <U n="value">
              <V n="aventure_moment" t="reference">
                <T n="reference">166509</T>
              </V>
            </U>
          </U>
          <U>
            <E n="key">Career_Irresponsible_ChanceCard_03</E>
            <U n="value">
              <V n="aventure_moment" t="reference">
                <T n="reference">166511</T>
              </V>
            </U>
          </U>
          <U>
            <E n="key">Career_Irresponsible_ChanceCard_04</E>
            <U n="value">
              <V n="aventure_moment" t="reference">
                <T n="reference">166512</T>
              </V>
            </U>
          </U>
          <U>
            <E n="key">Career_Irresponsible_ChanceCard_05</E>
            <U n="value">
              <V n="aventure_moment" t="reference">
                <T n="reference">166513</T>
              </V>
            </U>
          </U>
          <U>
            <E n="key">Career_Irresponsible_ChanceCard_06</E>
            <U n="value">
              <V n="aventure_moment" t="reference">
                <T n="reference">166514</T>
              </V>
            </U>
          </U>
          <U>
            <E n="key">Career_Irresponsible_ChanceCard_07</E>
            <U n="value">
              <V n="aventure_moment" t="reference">
                <T n="reference">166515</T>
              </V>
            </U>
          </U>
          <U>
            <E n="key">Career_Irresponsible_ChanceCard_08</E>
            <U n="value">
              <V n="aventure_moment" t="reference">
                <T n="reference">166517</T>
              </V>
            </U>
          </U>
          <U>
            <E n="key">Career_Irresponsible_ChanceCard_09</E>
            <U n="value">
              <V n="aventure_moment" t="reference">
                <T n="reference">166518</T>
              </V>
            </U>
          </U>
          <U>
            <E n="key">Career_Irresponsible_ChooseCard</E>
            <U n="value">
              <V n="aventure_moment" t="literal">
                <U n="literal">
                  <L n="_finish_actions">
                    <U>
                      <L n="action_results">
                        <U>
                          <L n="next_moments">
                            <E>Career_Irresponsible_ChanceCard_00</E>
                            <E>Career_Irresponsible_ChanceCard_01</E>
                            <E>Career_Irresponsible_ChanceCard_02</E>
                            <E>Career_Irresponsible_ChanceCard_03</E>
                            <E>Career_Irresponsible_ChanceCard_04</E>
                            <E>Career_Irresponsible_ChanceCard_05</E>
                            <E>Career_Irresponsible_ChanceCard_06</E>
                            <E>Career_Irresponsible_ChanceCard_07</E>
                            <E>Career_Irresponsible_ChanceCard_08</E>
                            <E>Career_Irresponsible_ChanceCard_09</E>
                          </L>
                        </U>
                      </L>
                    </U>
                  </L>
                </U>
              </V>
            </U>
          </U>
          <U>
            <E n="key">Career_Responsible_ChanceCard_00</E>
            <U n="value">
              <V n="aventure_moment" t="reference">
                <T n="reference">166496</T>
              </V>
            </U>
          </U>
          <U>
            <E n="key">Career_Responsible_ChanceCard_01</E>
            <U n="value">
              <V n="aventure_moment" t="reference">
                <T n="reference">166497</T>
              </V>
            </U>
          </U>
          <U>
            <E n="key">Career_Responsible_ChanceCard_02</E>
            <U n="value">
              <V n="aventure_moment" t="reference">
                <T n="reference">166498</T>
              </V>
            </U>
          </U>
          <U>
            <E n="key">Career_Responsible_ChanceCard_03</E>
            <U n="value">
              <V n="aventure_moment" t="reference">
                <T n="reference">166499</T>
              </V>
            </U>
          </U>
          <U>
            <E n="key">Career_Responsible_ChanceCard_04</E>
            <U n="value">
              <V n="aventure_moment" t="reference">
                <T n="reference">166501</T>
              </V>
            </U>
          </U>
          <U>
            <E n="key">Career_Responsible_ChanceCard_05</E>
            <U n="value">
              <V n="aventure_moment" t="reference">
                <T n="reference">166502</T>
              </V>
            </U>
          </U>
          <U>
            <E n="key">Career_Responsible_ChanceCard_06</E>
            <U n="value">
              <V n="aventure_moment" t="reference">
                <T n="reference">166503</T>
              </V>
            </U>
          </U>
          <U>
            <E n="key">Career_Responsible_ChanceCard_07</E>
            <U n="value">
              <V n="aventure_moment" t="reference">
                <T n="reference">166504</T>
              </V>
            </U>
          </U>
          <U>
            <E n="key">Career_Responsible_ChanceCard_08</E>
            <U n="value">
              <V n="aventure_moment" t="reference">
                <T n="reference">166505</T>
              </V>
            </U>
          </U>
          <U>
            <E n="key">Career_Responsible_ChanceCard_09</E>
            <U n="value">
              <V n="aventure_moment" t="reference">
                <T n="reference">166506</T>
              </V>
            </U>
          </U>
          <U>
            <E n="key">Career_Responsible_ChooseCard</E>
            <U n="value">
              <V n="aventure_moment" t="literal">
                <U n="literal">
                  <L n="_finish_actions">
                    <U>
                      <L n="action_results">
                        <U>
                          <L n="next_moments">
                            <E>Career_Responsible_ChanceCard_00</E>
                            <E>Career_Responsible_ChanceCard_01</E>
                            <E>Career_Responsible_ChanceCard_02</E>
                            <E>Career_Responsible_ChanceCard_03</E>
                            <E>Career_Responsible_ChanceCard_04</E>
                            <E>Career_Responsible_ChanceCard_05</E>
                            <E>Career_Responsible_ChanceCard_06</E>
                            <E>Career_Responsible_ChanceCard_07</E>
                            <E>Career_Responsible_ChanceCard_08</E>
                            <E>Career_Responsible_ChanceCard_09</E>
                          </L>
                        </U>
                      </L>
                    </U>
                  </L>
                </U>
              </V>
            </U>
          </U>
          <U>
            <E n="key">Career_Starter</E>
            <U n="value">
              <V n="aventure_moment" t="literal">
                <U n="literal">
                  <L n="_finish_actions">
                    <U>
                      <L n="action_results">
                        <U>
                          <L n="weight_modifiers">
                            <U>
                              <T n="weight_multiplier">3</T>
                            </U>
                          </L>
                        </U>
                        <U>
                          <L n="next_moments">
                            <E>Career_Responsible_ChooseCard</E>
                          </L>
                          <L n="weight_modifiers">
                            <U>
                              <V n="test" t="trait">
                                <U n="trait">
                                  <E n="subject">Actor</E>
                                  <L n="whitelist_traits">
                                    <T>161625</T>
                                  </L>
                                </U>
                              </V>
                              <T n="weight_multiplier">5</T>
                            </U>
                            <U>
                              <V n="test" t="trait">
                                <U n="trait">
                                  <L n="blacklist_traits">
                                    <T>161625</T>
                                  </L>
                                  <E n="subject">Actor</E>
                                </U>
                              </V>
                              <T n="weight_multiplier">0</T>
                            </U>
                          </L>
                        </U>
                        <U>
                          <L n="next_moments">
                            <E>Career_Irresponsible_ChooseCard</E>
                          </L>
                          <L n="weight_modifiers">
                            <U>
                              <V t="trait" n="test">
                                <U n="trait">
                                  <L n="whitelist_traits">
                                    <T>161626</T>
                                  </L>
                                </U>
                              </V>
                              <T n="weight_multiplier">5</T>
                            </U>
                            <U>
                              <V n="test" t="trait">
                                <U n="trait">
                                  <L n="blacklist_traits">
                                    <T>161626</T>
                                  </L>
                                </U>
                              </V>
                              <T n="weight_multiplier">0</T>
                            </U>
                          </L>
                        </U>
                        <U>
                          <L n="next_moments">
                            <E>Career_ChooseCard</E>
                          </L>
                        </U>
                      </L>
                    </U>
                  </L>
                </U>
              </V>
            </U>
          </U>
        </L>
        <L n="_initial_moments">
          <U>
            <E n="adventure_moment_key">Career_Starter</E>
          </U>
        </L>
        <T n="_resumable">False</T>
        <U n="_trigger_interval">
          <T n="lower_bound">1</T>
          <T n="upper_bound">30</T>
        </U>
        <U n="success_chance">
          <L n="multipliers">
            <U>
              <T n="multiplier">0</T>
              <L n="tests">
                <L>
                  <V t="sim_info">
                    <U n="sim_info">
                      <V t="enabled" n="npc">
                        <T n="enabled">True</T>
                      </V>
                    </U>
                  </V>
                </L>
              </L>
            </U>
			<U>
              <T n="multiplier">0</T>
              <L n="tests">
                <L>
                  <V t="fame_moment_test">
                    <U n="fame_moment_test">
                      <T n="negate">False</T>
                    </U>
                  </V>
                </L>
              </L>
            </U>
          </L>
        </U>
        <V t="at_beginning" n="timing">
          <U n="at_beginning">
            <V t="enabled" n="offset_time">
              <T n="enabled">60</T>
            </V>
          </U>
        </V>
      </U>
    </V>
    <V t="audio_sting">
      <U n="audio_sting">
        <U n="audio_sting">
          <T n="audio" p="InGame\Audio\Stings\sting_work_return.propx">39b2aa4a:00000000:7229428af3b8e78d</T>
        </U>
      </U>
    </V>
    <V t="audio_sting">
      <U n="audio_sting">
        <U n="audio_sting">
          <T n="audio" p="InGame\Audio\Stings\sting_work_go.propx">39b2aa4a:00000000:ec3c578eda473ff1</T>
        </U>
        <V t="at_beginning" n="timing" />
      </U>
    </V>
    <V t="remove_from_ensemble">
      <U n="remove_from_ensemble">
        <T n="ensemble_type">127285</T>
        <V t="at_beginning" n="timing" />
      </U>
    </V>
    <V t="leave_situation" />
	<V t="loot">
      <U n="loot">
        <L n="loot_list">
          <T>156924</T>
		  <T>164420</T>
        </L>
        <V t="at_beginning" n="timing" />
      </U>
    </V>
	<V t="loot">
      <U n="loot">
        <L n="loot_list">
          <T>162331</T>
        </L>
        <U n="success_chance">
          <T n="base_chance">15</T>
          <L n="multipliers">
            <U>
              <T n="multiplier">0</T>
              <L n="tests">
                <L>
                  <V t="buff">
                    <U n="buff">
                      <V n="whitelist" t="enabled">
                        <L n="enabled">
                          <T>162334</T>
                          <T>162337</T>
                          <T>162336</T>
                          <T>162335</T>
                          <T>162346</T>
                          <T>164632</T>
                          <T>164634</T>
                          <T>164636</T>
                          <T>164638</T>
                        </L>
                      </V>
                    </U>
                  </V>
                </L>
                <L>
                  <V t="sim_info">
                    <U n="sim_info">
                      <V t="enabled" n="npc">
                        <T n="enabled">True</T>
                      </V>
                    </U>
                  </V>
                </L>
                <L>
                  <V t="trait">
                    <U n="trait">
                      <L n="blacklist_traits">
                        <T>160265</T>
                      </L>
                    </U>
                  </V>
                </L>
              </L>
            </U>
            <U>
              <T n="multiplier">3</T>
              <L n="tests">
                <L>
                  <V t="statistic">
                    <U n="statistic">
                      <T n="stat">16654</T>
                      <V t="value_threshold" n="threshold">
                        <U n="value_threshold">
                          <E n="comparison">LESS</E>
                          <T n="value">-75</T>
                        </U>
                      </V>
                    </U>
                  </V>
                </L>
                <L>
                  <V t="statistic">
                    <U n="statistic">
                      <T n="stat">16656</T>
                      <V t="value_threshold" n="threshold">
                        <U n="value_threshold">
                          <E n="comparison">LESS</E>
                          <T n="value">-75</T>
                        </U>
                      </V>
                    </U>
                  </V>
                </L>
              </L>
            </U>
          </L>
        </U>
      </U>
    </V>
	<V t="buff">
      <U n="buff">
        <U n="buff_type">
          <T n="buff_type">185938</T>
        </U>
        <L n="tests">
          <L>
            <V t="statistic">
              <U n="statistic">
                <T n="must_have_stat">True</T>
                <T n="stat">185283</T>
                <V t="value_threshold" n="threshold">
                  <U n="value_threshold">
                    <T n="value">-100</T>
                  </U>
                </V>
              </U>
            </V>
          </L>
        </L>
      </U>
    </V>
	<V t="buff">
      <U n="buff">
        <U n="buff_type">
          <T n="buff_type">185065</T>
        </U>
      </U>
    </V>
  </L>
  <L n="basic_liabilities">
    <V t="game_speed">
      <U n="game_speed">
        <E n="game_speed">SUPER_SPEED3</E>
		<U n="species_interaction_speed_requirements">
          <L n="exempt_sim_buffs">
            <T>167047</T>
            <T>167048</T>
          </L>
          <L n="species_affordance_mapping">
            <U>
              <E n="key">CAT</E>
              <T n="value">171288</T>
            </U>
            <U>
              <E n="key">DOG</E>
              <T n="value">171288</T>
            </U>
          </L>
          <L n="speed_affordance_tags">
            <E>Interaction_Sleep</E>
            <E>Interaction_Pets_SS3Allowed</E>
          </L>
        </U>
      </U>
    </V>
    <V t="hide_whims">
      <U n="hide_whims">
        <V n="_reset_time" t="enabled">
          <T n="enabled">240</T>
        </V>
      </U>
    </V>
  </L>
  <V t="enabled" n="basic_reserve_object" />
  <T n="can_shoo">False</T>
  <V t="disabled" n="canonical_animation" />
  <T n="collapsible">True</T>
  <V t="disabled" n="content_score" />
  <T n="counts_as_inside">True</T>
  <T n="disable_autonomous_multitasking_if_user_directed">True</T>
  <T n="display_name">0xBEA3F010</T>
  <U n="display_name_text_tokens">
    <L n="tokens">
      <V t="participant_type">
        <U n="participant_type">
          <V t="from_participant" n="objects">
            <U n="from_participant">
              <E n="participant">Actor</E>
            </U>
          </V>
        </U>
      </V>
      <V t="participant_type">
        <U n="participant_type">
          <V t="from_participant" n="objects">
            <U n="from_participant">
              <E n="participant">Object</E>
            </U>
          </V>
        </U>
      </V>
    </L>
  </U>
  <T n="fade_sim_out">True</T>
  <T n="force_exit_on_inertia">False</T>
  <L n="interaction_category_tags">
    <E>Interaction_Super</E>
    <E>Interaction_All</E>
	<E>Interaction_IgnoreGrounding</E>
  </L>
  <V n="outcome" t="test_based">
    <U n="test_based">
      <L n="fallback_outcomes">
        <U>
          <U n="outcome">
            <L n="loot_list">
              <T>23925</T>
              <T>27270</T>
              <T>27252</T>
              <T>28740</T>
              <T>28742</T>
              <T>27421</T>
              <T>28741</T>
              <T>27439</T>
              <T>27271</T>
              <T>27272</T>
              <T>105742</T>
              <T>111107</T>
              <T>126197</T>
			  <T>154979</T>
			  <T>196737</T>
			  <T>170993</T>
            </L>
          </U>
        </U>
      </L>
      <L n="tested_outcomes">
        <U>
          <L n="potential_outcomes">
            <U>
              <U n="outcome">
                <L n="basic_extras">
                  <V t="create_object">
                    <U n="create_object">
                      <V n="creation_data" t="definition_tested">
                        <U n="definition_tested">
                          <L n="definitions">
                            <U>
                              <T n="definition">63476</T>
                              <U n="weight">
                                <T n="base_value">5</T>
                              </U>
                            </U>
                            <U>
                              <T n="definition">18172</T>
                              <U n="weight">
                                <T n="base_value">5</T>
                              </U>
                            </U>
                            <U>
                              <T n="definition">63045</T>
                            </U>
                            <U>
                              <T n="definition">32544</T>
                            </U>
                            <U>
                              <T n="definition">32513</T>
                            </U>
                            <U>
                              <T n="definition">32517</T>
                            </U>
                            <U>
                              <T n="definition">32567</T>
                            </U>
                            <U>
                              <T n="definition">18572</T>
                            </U>
                            <U>
                              <T n="definition">32569</T>
                            </U>
                            <U>
                              <T n="definition">32540</T>
                            </U>
                            <U>
                              <T n="definition">18620</T>
                            </U>
                            <U>
                              <T n="definition">32511</T>
                            </U>
                          </L>
                        </U>
                      </V>
                      <L n="initial_states">
                        <U>
                          <T n="state">131794</T>
                        </U>
                      </L>
                      <V t="inventory" n="location">
                        <U n="inventory">
                          <T n="mark_object_as_stolen_from_career">True</T>
                        </U>
                      </V>
                      <V t="at_beginning" n="timing" />
                    </U>
                  </V>
                  <V t="notification">
                    <U n="notification">
                      <V n="dialog" t="single">
                        <V n="single" t="literal">
                          <U n="literal">
                            <V t="enabled" n="icon">
                              <V n="enabled" t="participant">
                                <U n="participant">
                                  <L n="participant_type">
                                    <E>CreatedObject</E>
                                  </L>
                                </U>
                              </V>
                            </V>
                            <V t="enabled" n="secondary_icon">
                              <V t="participant" n="enabled" />
                            </V>
                            <V t="single" n="text">
                              <T n="single">0xC5EBAE91</T>
                            </V>
                          </U>
                        </V>
                      </V>
                    </U>
                  </V>
                </L>
                <L n="loot_list">
                  <T>23925</T>
                  <T>27270</T>
                  <T>27252</T>
                  <T>28740</T>
                  <T>28742</T>
                  <T>27421</T>
                  <T>28741</T>
                  <T>27439</T>
                  <T>27271</T>
                  <T>27272</T>
                  <T>105742</T>
                  <T>111107</T>
                  <T>126197</T>
				  <T>154979</T>
				  <T>196737</T>
				  <T>170993</T>
                </L>
              </U>
            </U>
          </L>
          <L n="tests">
            <L>
              <V t="trait">
                <U n="trait">
                  <L n="whitelist_traits">
                    <T>131783</T>
                  </L>
                </U>
              </V>
              <V t="skill_test">
                <U n="skill_test">
                  <T n="skill">16707</T>
                  <V t="interval" n="skill_range">
                    <U n="interval">
                      <U n="skill_interval">
                        <T n="upper_bound">5</T>
                      </U>
                    </U>
                  </V>
                </U>
              </V>
            </L>
          </L>
        </U>
        <U>
          <L n="potential_outcomes">
            <U>
              <U n="outcome">
                <L n="basic_extras">
                  <V t="create_object">
                    <U n="create_object">
                      <V n="creation_data" t="definition_tested">
                        <U n="definition_tested">
                          <L n="definitions">
                            <U>
                              <T n="definition">63476</T>
                              <U n="weight">
                                <T n="base_value">5</T>
                              </U>
                            </U>
                            <U>
                              <T n="definition">18172</T>
                              <U n="weight">
                                <T n="base_value">5</T>
                              </U>
                            </U>
                            <U>
                              <T n="definition">63045</T>
                            </U>
                            <U>
                              <T n="definition">32544</T>
                            </U>
                            <U>
                              <T n="definition">32513</T>
                            </U>
                            <U>
                              <T n="definition">32517</T>
                            </U>
                            <U>
                              <T n="definition">32567</T>
                            </U>
                            <U>
                              <T n="definition">18572</T>
                            </U>
                            <U>
                              <T n="definition">32569</T>
                            </U>
                            <U>
                              <T n="definition">32540</T>
                            </U>
                            <U>
                              <T n="definition">18620</T>
                            </U>
                            <U>
                              <T n="definition">32511</T>
                            </U>
                            <U>
                              <T n="definition">22321</T>
                            </U>
                            <U>
                              <T n="definition">24541</T>
                            </U>
                            <U>
                              <T n="definition">12071</T>
                            </U>
                            <U>
                              <T n="definition">25043</T>
                            </U>
                            <U>
                              <T n="definition">29594</T>
                            </U>
                            <U>
                              <T n="definition">23438</T>
                            </U>
                            <U>
                              <T n="definition">45299</T>
                            </U>
                            <U>
                              <T n="definition">22467</T>
                            </U>
                            <U>
                              <T n="definition">37858</T>
                            </U>
                            <U>
                              <T n="definition">23440</T>
                            </U>
                            <U>
                              <T n="definition">23442</T>
                            </U>
                            <U>
                              <T n="definition">22466</T>
                            </U>
                            <U>
                              <T n="definition">45311</T>
                            </U>
                            <U>
                              <T n="definition">46396</T>
                            </U>
                            <U>
                              <T n="definition">23445</T>
                            </U>
                            <U>
                              <T n="definition">22468</T>
                            </U>
                            <U>
                              <T n="definition">23439</T>
                            </U>
                            <U>
                              <T n="definition">45295</T>
                            </U>
                            <U>
                              <T n="definition">23437</T>
                            </U>
                            <U>
                              <T n="definition">46336</T>
                            </U>
                          </L>
                        </U>
                      </V>
                      <L n="initial_states">
                        <U>
                          <T n="state">131794</T>
                        </U>
                      </L>
                      <V t="inventory" n="location">
                        <U n="inventory">
                          <T n="mark_object_as_stolen_from_career">True</T>
                        </U>
                      </V>
                      <V t="at_beginning" n="timing" />
                    </U>
                  </V>
                  <V t="notification">
                    <U n="notification">
                      <V n="dialog" t="single">
                        <V n="single" t="literal">
                          <U n="literal">
                            <V t="enabled" n="icon">
                              <V n="enabled" t="participant">
                                <U n="participant">
                                  <L n="participant_type">
                                    <E>CreatedObject</E>
                                  </L>
                                </U>
                              </V>
                            </V>
                            <V t="enabled" n="secondary_icon">
                              <V t="participant" n="enabled" />
                            </V>
                            <V t="single" n="text">
                              <T n="single">0xC5EBAE91</T>
                            </V>
                          </U>
                        </V>
                      </V>
                    </U>
                  </V>
                </L>
                <L n="loot_list">
                  <T>23925</T>
                  <T>27270</T>
                  <T>27252</T>
                  <T>28740</T>
                  <T>28742</T>
                  <T>27421</T>
                  <T>28741</T>
                  <T>27439</T>
                  <T>27271</T>
                  <T>27272</T>
                  <T>105742</T>
                  <T>111107</T>
                  <T>126197</T>
				  <T>154979</T>
				  <T>196737</T>
				  <T>170993</T>
                </L>
              </U>
            </U>
          </L>
          <L n="tests">
            <L>
              <V t="trait">
                <U n="trait">
                  <L n="whitelist_traits">
                    <T>131783</T>
                  </L>
                </U>
              </V>
              <V t="skill_test">
                <U n="skill_test">
                  <T n="skill">16707</T>
                  <V t="interval" n="skill_range">
                    <U n="interval">
                      <U n="skill_interval">
                        <T n="lower_bound">5</T>
                        <T n="upper_bound">8</T>
                      </U>
                    </U>
                  </V>
                </U>
              </V>
            </L>
          </L>
        </U>
        <U>
          <L n="potential_outcomes">
            <U>
              <U n="outcome">
                <L n="basic_extras">
                  <V t="create_object">
                    <U n="create_object">
                      <V n="creation_data" t="definition_tested">
                        <U n="definition_tested">
                          <L n="definitions">
                            <U>
                              <T n="definition">63476</T>
                              <U n="weight">
                                <T n="base_value">5</T>
                              </U>
                            </U>
                            <U>
                              <T n="definition">18172</T>
                              <U n="weight">
                                <T n="base_value">5</T>
                              </U>
                            </U>
                            <U>
                              <T n="definition">63045</T>
                            </U>
                            <U>
                              <T n="definition">32544</T>
                            </U>
                            <U>
                              <T n="definition">32513</T>
                            </U>
                            <U>
                              <T n="definition">32517</T>
                            </U>
                            <U>
                              <T n="definition">32567</T>
                            </U>
                            <U>
                              <T n="definition">18572</T>
                            </U>
                            <U>
                              <T n="definition">32569</T>
                            </U>
                            <U>
                              <T n="definition">32540</T>
                            </U>
                            <U>
                              <T n="definition">18620</T>
                            </U>
                            <U>
                              <T n="definition">32511</T>
                            </U>
                            <U>
                              <T n="definition">22321</T>
                            </U>
                            <U>
                              <T n="definition">24541</T>
                            </U>
                            <U>
                              <T n="definition">12071</T>
                            </U>
                            <U>
                              <T n="definition">25043</T>
                            </U>
                            <U>
                              <T n="definition">29594</T>
                            </U>
                            <U>
                              <T n="definition">36919</T>
                              <U n="weight">
                                <T n="base_value">5</T>
                              </U>
                            </U>
                            <U>
                              <T n="definition">31060</T>
                              <U n="weight">
                                <T n="base_value">5</T>
                              </U>
                            </U>
                            <U>
                              <T n="definition">38293</T>
                              <U n="weight">
                                <T n="base_value">5</T>
                              </U>
                            </U>
                            <U>
                              <T n="definition">28738</T>
                            </U>
                            <U>
                              <T n="definition">28739</T>
                            </U>
                            <U>
                              <T n="definition">28740</T>
                            </U>
                            <U>
                              <T n="definition">28741</T>
                            </U>
                            <U>
                              <T n="definition">28743</T>
                            </U>
                            <U>
                              <T n="definition">28744</T>
                            </U>
                            <U>
                              <T n="definition">28747</T>
                            </U>
                            <U>
                              <T n="definition">28748</T>
                            </U>
                            <U>
                              <T n="definition">28749</T>
                            </U>
                            <U>
                              <T n="definition">28750</T>
                            </U>
                            <U>
                              <T n="definition">28925</T>
                              <U n="weight">
                                <T n="base_value">2</T>
                              </U>
                            </U>
                            <U>
                              <T n="definition">28928</T>
                              <U n="weight">
                                <T n="base_value">2</T>
                              </U>
                            </U>
                            <U>
                              <T n="definition">28927</T>
                              <U n="weight">
                                <T n="base_value">2</T>
                              </U>
                            </U>
                            <U>
                              <T n="definition">28921</T>
                              <U n="weight">
                                <T n="base_value">2</T>
                              </U>
                            </U>
                            <U>
                              <T n="definition">28919</T>
                              <U n="weight">
                                <T n="base_value">2</T>
                              </U>
                            </U>
                            <U>
                              <T n="definition">28390</T>
                              <U n="weight">
                                <T n="base_value">2</T>
                              </U>
                            </U>
                            <U>
                              <T n="definition">28926</T>
                              <U n="weight">
                                <T n="base_value">2</T>
                              </U>
                            </U>
                            <U>
                              <T n="definition">28924</T>
                              <U n="weight">
                                <T n="base_value">2</T>
                              </U>
                            </U>
                            <U>
                              <T n="definition">28920</T>
                              <U n="weight">
                                <T n="base_value">2</T>
                              </U>
                            </U>
                            <U>
                              <T n="definition">28923</T>
                              <U n="weight">
                                <T n="base_value">2</T>
                              </U>
                            </U>
                            <U>
                              <T n="definition">28918</T>
                              <U n="weight">
                                <T n="base_value">2</T>
                              </U>
                            </U>
                            <U>
                              <T n="definition">28916</T>
                              <U n="weight">
                                <T n="base_value">2</T>
                              </U>
                            </U>
                            <U>
                              <T n="definition">28917</T>
                              <U n="weight">
                                <T n="base_value">2</T>
                              </U>
                            </U>
                            <U>
                              <T n="definition">28423</T>
                              <U n="weight">
                                <T n="base_value">2</T>
                              </U>
                            </U>
                            <U>
                              <T n="definition">28922</T>
                              <U n="weight">
                                <T n="base_value">2</T>
                              </U>
                            </U>
                            <U>
                              <T n="definition">28777</T>
                              <U n="weight">
                                <T n="base_value">3</T>
                              </U>
                            </U>
                            <U>
                              <T n="definition">28778</T>
                              <U n="weight">
                                <T n="base_value">3</T>
                              </U>
                            </U>
                            <U>
                              <T n="definition">28779</T>
                              <U n="weight">
                                <T n="base_value">3</T>
                              </U>
                            </U>
                            <U>
                              <T n="definition">28780</T>
                              <U n="weight">
                                <T n="base_value">3</T>
                              </U>
                            </U>
                            <U>
                              <T n="definition">28781</T>
                              <U n="weight">
                                <T n="base_value">3</T>
                              </U>
                            </U>
                            <U>
                              <T n="definition">28782</T>
                              <U n="weight">
                                <T n="base_value">3</T>
                              </U>
                            </U>
                            <U>
                              <T n="definition">28783</T>
                              <U n="weight">
                                <T n="base_value">3</T>
                              </U>
                            </U>
                            <U>
                              <T n="definition">28784</T>
                              <U n="weight">
                                <T n="base_value">3</T>
                              </U>
                            </U>
                            <U>
                              <T n="definition">28785</T>
                              <U n="weight">
                                <T n="base_value">3</T>
                              </U>
                            </U>
                            <U>
                              <T n="definition">28786</T>
                              <U n="weight">
                                <T n="base_value">3</T>
                              </U>
                            </U>
                            <U>
                              <T n="definition">28759</T>
                              <U n="weight">
                                <T n="base_value">3</T>
                              </U>
                            </U>
                            <U>
                              <T n="definition">28760</T>
                              <U n="weight">
                                <T n="base_value">3</T>
                              </U>
                            </U>
                            <U>
                              <T n="definition">28761</T>
                              <U n="weight">
                                <T n="base_value">3</T>
                              </U>
                            </U>
                            <U>
                              <T n="definition">28764</T>
                              <U n="weight">
                                <T n="base_value">3</T>
                              </U>
                            </U>
                            <U>
                              <T n="definition">28771</T>
                              <U n="weight">
                                <T n="base_value">3</T>
                              </U>
                            </U>
                            <U>
                              <T n="definition">28772</T>
                              <U n="weight">
                                <T n="base_value">3</T>
                              </U>
                            </U>
                            <U>
                              <T n="definition">28773</T>
                              <U n="weight">
                                <T n="base_value">3</T>
                              </U>
                            </U>
                            <U>
                              <T n="definition">28774</T>
                              <U n="weight">
                                <T n="base_value">3</T>
                              </U>
                            </U>
                            <U>
                              <T n="definition">28775</T>
                              <U n="weight">
                                <T n="base_value">3</T>
                              </U>
                            </U>
                            <U>
                              <T n="definition">28776</T>
                              <U n="weight">
                                <T n="base_value">3</T>
                              </U>
                            </U>
                            <U>
                              <T n="definition">28727</T>
                            </U>
                            <U>
                              <T n="definition">28728</T>
                            </U>
                            <U>
                              <T n="definition">28729</T>
                            </U>
                            <U>
                              <T n="definition">28730</T>
                            </U>
                            <U>
                              <T n="definition">28731</T>
                            </U>
                            <U>
                              <T n="definition">28732</T>
                            </U>
                            <U>
                              <T n="definition">28733</T>
                            </U>
                            <U>
                              <T n="definition">28734</T>
                            </U>
                            <U>
                              <T n="definition">28735</T>
                            </U>
                            <U>
                              <T n="definition">28736</T>
                            </U>
                          </L>
                        </U>
                      </V>
                      <L n="initial_states">
                        <U>
                          <T n="state">131794</T>
                        </U>
                      </L>
                      <V t="inventory" n="location">
                        <U n="inventory">
                          <T n="mark_object_as_stolen_from_career">True</T>
                        </U>
                      </V>
                      <V t="at_beginning" n="timing" />
                    </U>
                  </V>
                  <V t="notification">
                    <U n="notification">
                      <V n="dialog" t="single">
                        <V n="single" t="literal">
                          <U n="literal">
                            <V t="enabled" n="icon">
                              <V n="enabled" t="participant">
                                <U n="participant">
                                  <L n="participant_type">
                                    <E>CreatedObject</E>
                                  </L>
                                </U>
                              </V>
                            </V>
                            <V t="enabled" n="secondary_icon">
                              <V t="participant" n="enabled" />
                            </V>
                            <V t="single" n="text">
                              <T n="single">0xC5EBAE91</T>
                            </V>
                          </U>
                        </V>
                      </V>
                    </U>
                  </V>
                </L>
                <L n="loot_list">
                  <T>23925</T>
                  <T>27270</T>
                  <T>27252</T>
                  <T>28740</T>
                  <T>28742</T>
                  <T>27421</T>
                  <T>28741</T>
                  <T>27439</T>
                  <T>27271</T>
                  <T>27272</T>
                  <T>105742</T>
                  <T>111107</T>
                  <T>126197</T>
				  <T>154979</T>
				  <T>196737</T>
				  <T>170993</T>
                </L>
              </U>
            </U>
          </L>
          <L n="tests">
            <L>
              <V t="trait">
                <U n="trait">
                  <L n="whitelist_traits">
                    <T>131783</T>
                  </L>
                </U>
              </V>
              <V t="skill_test">
                <U n="skill_test">
                  <T n="skill">16707</T>
                  <V t="interval" n="skill_range">
                    <U n="interval">
                      <U n="skill_interval">
                        <T n="lower_bound">8</T>
                        <T n="upper_bound">10</T>
                      </U>
                    </U>
                  </V>
                </U>
              </V>
            </L>
          </L>
        </U>
      </L>
    </U>
  </V>
  <U n="outfit_change">
    <V n="on_route_change" t="for_reason">
      <U n="for_reason">
        <E n="on_entry">GoToWork</E>
      </U>
    </V>
  </U>
  <U n="progress_bar_enabled">
    <T n="remember_progress">True</T>
  </U>
  <E n="scoring_priority">NORMAL</E>
  <T n="subaction_selection_weight">1</T>
  <V t="literal" n="super_affordance_compatibility">
    <U n="literal">
      <V n="default_inclusion" t="exclude_all" />
    </U>
  </V>
  <E n="target_type">ACTOR</E>
  <V t="enabled" n="test_disallow_while_running">
    <U n="enabled">
      <T n="test_self">True</T>
    </U>
  </V>
  <L n="test_globals">
    <V t="sim_info">
      <U n="sim_info">
        <V t="specified" n="ages">
          <L n="specified">
            				<E>YOUNGADULT</E>
							<E>ADULT</E>
							<E>ELDER</E>
			          </L>
        </V>
		<V t="specified" n="species">
          <U n="specified">
            <L n="species">
              <E />
            </L>
          </U>
        </V>
        <E n="who">Actor</E>
      </U>
    </V>
    <V t="identity">
      <U n="identity">
        <T n="subjects_match">True</T>
      </U>
    </V>
    <V t="buff">
      <U n="buff">
        <L n="blacklist">
          <T>98878</T>
        </L>
      </U>
    </V>
    <V t="buff">
      <U n="buff">
        <L n="blacklist">
          <T>75271</T>
        </L>
        <V t="enabled" n="tooltip">
          <T n="enabled">0x894E151E</T>
        </V>
      </U>
    </V>
  </L>
  <L n="tests">
    <L>
      <V t="during_work_hours">
        <U n="during_work_hours">
          <T n="fail_if_taking_day_off_during_work">False</T>
          <T n="is_during_work">True</T>
        </U>
      </V>
    </L>
  </L>
  <T n="time_overhead">30</T>
  <U n="visual_type_override_data">
    <T n="tooltip_text">0xCA90B728</T>
  </U>
</I>